,file,num_iter,run_time_iter,opt_thres,opt_dist,opt_I,run_time_iter_cumsum,max_opt_I
0,time1672258071,4,"[37.5809, 38.9204, 37.5564, 38.1508]","[array([-8.  , -1.68,  1.44,  8.  ]), array([-8.  , -1.44,  1.44,  8.  ]), array([-8.  , -1.36,  1.44,  8.  ]), array([-8.  , -1.36,  1.36,  8.  ])]","[array([0.3647917 , 0.25962871, 0.37557959]), array([0.37652056, 0.24695888, 0.37652056]), array([0.38038243, 0.24166669, 0.37795088]), array([0.38174668, 0.23650665, 0.38174667])]","[1.121915671079974, 1.1316124535581944, 1.1317334795696499, 1.1318035933560924]",[ 37.5809  76.5013 114.0577 152.2085],1.1318035933560924
1,time1672257695,4,"[37.8779, 37.632, 36.6232, 37.5182]","[array([-8.  , -1.6 ,  1.44,  8.  ]), array([-8.  , -1.44,  1.44,  8.  ]), array([-8.  , -1.36,  1.44,  8.  ]), array([-8.  , -1.36,  1.36,  8.  ])]","[array([0.36869867, 0.25596611, 0.37533523]), array([0.37652056, 0.24695888, 0.37652056]), array([0.38038243, 0.24166669, 0.37795088]), array([0.38174668, 0.23650665, 0.38174667])]","[1.1267016170366508, 1.1316124535581944, 1.1317334795696499, 1.1318035933560924]",[ 37.8779  75.5099 112.1331 149.6513],1.1318035933560924
2,time1672268102,4,"[41.3204, 40.3895, 39.8657, 41.251]","[array([-8.  , -0.88,  0.88,  8.  ]), array([-8.  , -1.28,  1.28,  8.  ]), array([-8.  , -1.36,  1.36,  8.  ]), array([-8.  , -1.36,  1.36,  8.  ])]","[array([0.42235778, 0.15528629, 0.42235593]), array([0.38736331, 0.22527341, 0.38736327]), array([0.38174668, 0.23650665, 0.38174667]), array([0.38174668, 0.23650665, 0.38174667])]","[1.0785931634470636, 1.1289331236181281, 1.1318035933560924, 1.1318035933560924]",[ 41.3204  81.7099 121.5756 162.8266],1.1318035933560924
3,time1672267588,2,"[39.581, 38.5065]","[array([-8.  , -1.36,  1.44,  8.  ]), array([-8.  , -1.36,  1.36,  8.  ])]","[array([0.38038243, 0.24166669, 0.37795088]), array([0.38174668, 0.23650665, 0.38174667])]","[1.1317334795696499, 1.1318035933560924]",[39.581  78.0875],1.1318035933560924
4,time1672267273,4,"[39.1829, 39.1323, 39.3725, 39.9433]","[array([-8.  , -1.44,  1.52,  8.  ]), array([-8.  , -1.44,  1.44,  8.  ]), array([-8.  , -1.36,  1.44,  8.  ]), array([-8.  , -1.36,  1.36,  8.  ])]","[array([0.37564853, 0.25173326, 0.37261821]), array([0.37652056, 0.24695888, 0.37652056]), array([0.38038243, 0.24166669, 0.37795088]), array([0.38174668, 0.23650665, 0.38174667])]","[1.1299391457333425, 1.1316124535581944, 1.1317334795696499, 1.1318035933560924]",[ 39.1829  78.3152 117.6877 157.631 ],1.1318035933560924
5,time1672265023,4,"[37.2207, 38.4389, 37.0633, 37.0462]","[array([-8.  , -1.52,  1.84,  8.  ]), array([-8.  , -1.44,  1.44,  8.  ]), array([-8.  , -1.36,  1.44,  8.  ]), array([-8.  , -1.36,  1.36,  8.  ])]","[array([0.37339969, 0.2708831 , 0.3557172 ]), array([0.37652056, 0.24695888, 0.37652056]), array([0.38038243, 0.24166669, 0.37795088]), array([0.38174668, 0.23650665, 0.38174667])]","[1.1056177904831772, 1.1316124535581944, 1.1317334795696499, 1.1318035933560924]",[ 37.2207  75.6596 112.7229 149.7691],1.1318035933560924
6,time1672261954,4,"[36.9909, 39.713, 37.7166, 39.0913]","[array([-8.  , -1.68,  1.84,  8.  ]), array([-8.  , -1.44,  1.44,  8.  ]), array([-8.  , -1.36,  1.44,  8.  ]), array([-8.  , -1.36,  1.36,  8.  ])]","[array([0.36466773, 0.28069549, 0.35463678]), array([0.37652056, 0.24695888, 0.37652056]), array([0.38038243, 0.24166669, 0.37795088]), array([0.38174668, 0.23650665, 0.38174667])]","[1.096185575770802, 1.1316124535581944, 1.1317334795696499, 1.1318035933560924]",[ 36.9909  76.7039 114.4205 153.5118],1.1318035933560924
7,time1672267156,3,"[39.6211, 38.8052, 38.8421]","[array([-8.  , -1.28,  1.76,  8.  ]), array([-8.  , -1.36,  1.44,  8.  ]), array([-8.  , -1.36,  1.36,  8.  ])]","[array([0.38448178, 0.25026323, 0.36525499]), array([0.38038243, 0.24166669, 0.37795088]), array([0.38174668, 0.23650665, 0.38174667])]","[1.1151102521305525, 1.1317334795696499, 1.1318035933560924]",[ 39.6211  78.4263 117.2684],1.1318035933560924
8,time1672267822,4,"[39.2903, 39.1945, 38.9218, 39.9073]","[array([-8. , -1.6,  1.6,  8. ]), array([-8.  , -1.44,  1.44,  8.  ]), array([-8.  , -1.36,  1.44,  8.  ]), array([-8.  , -1.36,  1.36,  8.  ])]","[array([0.36718685, 0.26562629, 0.36718685]), array([0.37652056, 0.24695888, 0.37652056]), array([0.38038243, 0.24166669, 0.37795088]), array([0.38174668, 0.23650665, 0.38174667])]","[1.1213896770623524, 1.1316124535581944, 1.1317334795696499, 1.1318035933560924]",[ 39.2903  78.4848 117.4066 157.3139],1.1318035933560924
9,time1672266343,4,"[36.6058, 37.1151, 37.358, 38.1285]","[array([-8.  , -1.52,  1.76,  8.  ]), array([-8.  , -1.44,  1.44,  8.  ]), array([-8.  , -1.36,  1.44,  8.  ]), array([-8.  , -1.36,  1.36,  8.  ])]","[array([0.37216785, 0.26818179, 0.35965036]), array([0.37652056, 0.24695888, 0.37652056]), array([0.38038243, 0.24166669, 0.37795088]), array([0.38174668, 0.23650665, 0.38174667])]","[1.1135071229650926, 1.1316124535581944, 1.1317334795696499, 1.1318035933560924]",[ 36.6058  73.7209 111.0789 149.2074],1.1318035933560924
10,time1672256746,4,"[40.5026, 41.6168, 42.0086, 40.5711]","[array([-8.  , -1.52,  1.6 ,  8.  ]), array([-8.  , -1.44,  1.44,  8.  ]), array([-8.  , -1.36,  1.44,  8.  ]), array([-8.  , -1.36,  1.36,  8.  ])]","[array([0.3712822 , 0.26106132, 0.36765648]), array([0.37652056, 0.24695888, 0.37652056]), array([0.38038243, 0.24166669, 0.37795088]), array([0.38174668, 0.23650665, 0.38174667])]","[1.1248436780964595, 1.1316124535581944, 1.1317334795696499, 1.1318035933560924]",[ 40.5026  82.1194 124.128  164.6991],1.1318035933560924
11,time1672260615,3,"[37.5324, 36.9904, 36.731]","[array([-8. , -1.2,  1.2,  8. ]), array([-8.  , -1.36,  1.36,  8.  ]), array([-8.  , -1.36,  1.36,  8.  ])]","[array([0.39339776, 0.21321149, 0.39339075]), array([0.38174668, 0.23650665, 0.38174667]), array([0.38174668, 0.23650665, 0.38174667])]","[1.1232327828712674, 1.1318035933560924, 1.1318035933560924]",[ 37.5324  74.5228 111.2538],1.1318035933560924
12,time1672259275,4,"[38.7524, 37.406, 38.6325, 37.017]","[array([-8.  , -1.68,  1.52,  8.  ]), array([-8.  , -1.44,  1.44,  8.  ]), array([-8.  , -1.36,  1.44,  8.  ]), array([-8.  , -1.36,  1.36,  8.  ])]","[array([0.36364117, 0.26490456, 0.37145427]), array([0.37652056, 0.24695888, 0.37652056]), array([0.38038243, 0.24166669, 0.37795088]), array([0.38174668, 0.23650665, 0.38174667])]","[1.1199382061097514, 1.1316124535581944, 1.1317334795696499, 1.1318035933560924]",[ 38.7524  76.1584 114.7909 151.8079],1.1318035933560924
13,time1672256476,4,"[40.0041, 38.5602, 39.2058, 38.4428]","[array([-8.  , -1.44,  1.6 ,  8.  ]), array([-8.  , -1.44,  1.44,  8.  ]), array([-8.  , -1.36,  1.44,  8.  ]), array([-8.  , -1.36,  1.36,  8.  ])]","[array([0.3753352 , 0.25596608, 0.36869873]), array([0.37652056, 0.24695888, 0.37652056]), array([0.38038243, 0.24166669, 0.37795088]), array([0.38174668, 0.23650665, 0.38174667])]","[1.126701617036483, 1.1316124535581944, 1.1317334795696499, 1.1318035933560924]",[ 40.0041  78.5643 117.7701 156.2129],1.1318035933560924
14,time1672259012,4,"[36.5763, 38.4853, 36.8434, 36.0812]","[array([-8.  , -1.6 ,  1.44,  8.  ]), array([-8.  , -1.44,  1.44,  8.  ]), array([-8.  , -1.36,  1.44,  8.  ]), array([-8.  , -1.36,  1.36,  8.  ])]","[array([0.36869867, 0.25596611, 0.37533523]), array([0.37652056, 0.24695888, 0.37652056]), array([0.38038243, 0.24166669, 0.37795088]), array([0.38174668, 0.23650665, 0.38174667])]","[1.1267016170366508, 1.1316124535581944, 1.1317334795696499, 1.1318035933560924]",[ 36.5763  75.0616 111.905  147.9862],1.1318035933560924
15,time1672257958,3,"[37.5132, 37.6846, 36.8313]","[array([-8.  , -1.28,  1.28,  8.  ]), array([-8.  , -1.36,  1.36,  8.  ]), array([-8.  , -1.36,  1.36,  8.  ])]","[array([0.38736331, 0.22527341, 0.38736327]), array([0.38174668, 0.23650665, 0.38174667]), array([0.38174668, 0.23650665, 0.38174667])]","[1.1289331236181281, 1.1318035933560924, 1.1318035933560924]",[ 37.5132  75.1978 112.0291],1.1318035933560924
16,time1672260235,3,"[36.8281, 37.5042, 36.6562]","[array([-8.  , -1.2 ,  1.04,  8.  ]), array([-8.  , -1.36,  1.36,  8.  ]), array([-8.  , -1.36,  1.36,  8.  ])]","[array([0.39965838, 0.19972881, 0.40061281]), array([0.38174668, 0.23650665, 0.38174667]), array([0.38174668, 0.23650665, 0.38174667])]","[1.113722180641831, 1.1318035933560924, 1.1318035933560924]",[ 36.8281  74.3323 110.9885],1.1318035933560924
17,time1672268427,4,"[39.8813, 40.2794, 41.3624, 41.0904]","[array([-8.  , -1.44,  1.68,  8.  ]), array([-8.  , -1.44,  1.44,  8.  ]), array([-8.  , -1.36,  1.44,  8.  ]), array([-8.  , -1.36,  1.36,  8.  ])]","[array([0.37557652, 0.25963404, 0.36478944]), array([0.37652056, 0.24695888, 0.37652056]), array([0.38038243, 0.24166669, 0.37795088]), array([0.38174668, 0.23650665, 0.38174667])]","[1.1219156709441613, 1.1316124535581944, 1.1317334795696499, 1.1318035933560924]",[ 39.8813  80.1607 121.5231 162.6135],1.1318035933560924
18,time1672258709,4,"[38.1426, 37.4046, 37.6093, 38.6289]","[array([-8.  , -1.52,  1.52,  8.  ]), array([-8.  , -1.44,  1.44,  8.  ]), array([-8.  , -1.36,  1.44,  8.  ]), array([-8.  , -1.36,  1.36,  8.  ])]","[array([0.37166775, 0.2566645 , 0.37166775]), array([0.37652056, 0.24695888, 0.37652056]), array([0.38038243, 0.24166669, 0.37795088]), array([0.38174668, 0.23650665, 0.38174667])]","[1.1281820465971784, 1.1316124535581944, 1.1317334795696499, 1.1318035933560924]",[ 38.1426  75.5472 113.1565 151.7854],1.1318035933560924
19,time1672264060,3,"[34.4384, 35.8468, 37.3464]","[array([-8.  , -1.36,  1.52,  8.  ]), array([-8.  , -1.36,  1.44,  8.  ]), array([-8.  , -1.36,  1.36,  8.  ])]","[array([0.3795744 , 0.24629481, 0.3741308 ]), array([0.38038243, 0.24166669, 0.37795088]), array([0.38174668, 0.23650665, 0.38174667])]","[1.1301287670954323, 1.1317334795696499, 1.1318035933560924]",[ 34.4384  70.2852 107.6316],1.1318035933560924
20,time1672258635,2,"[36.6445, 36.8151]","[array([-8.  , -1.36,  1.44,  8.  ]), array([-8.  , -1.36,  1.36,  8.  ])]","[array([0.38038243, 0.24166669, 0.37795088]), array([0.38174668, 0.23650665, 0.38174667])]","[1.1317334795696499, 1.1318035933560924]",[36.6445 73.4596],1.1318035933560924
21,time1672261338,5,"[39.7511, 40.1614, 37.7391, 39.595, 39.6283]","[array([-8.  , -0.08,  0.72,  8.  ]), array([-8.  , -0.96,  0.88,  8.  ]), array([-8.  , -1.28,  1.28,  8.  ]), array([-8.  , -1.36,  1.36,  8.  ]), array([-8.  , -1.36,  1.36,  8.  ])]","[array([0.4843892 , 0.02999858, 0.48561222]), array([0.4185992 , 0.16333653, 0.41806427]), array([0.38736331, 0.22527341, 0.38736327]), array([0.38174668, 0.23650665, 0.38174667]), array([0.38174668, 0.23650665, 0.38174667])]","[0.9948342545471349, 1.0853185761476238, 1.1289331236181281, 1.1318035933560924, 1.1318035933560924]",[ 39.7511  79.9125 117.6516 157.2466 196.8749],1.1318035933560924
22,time1672263674,4,"[34.6198, 33.9629, 34.1031, 35.8778]","[array([-8.  , -1.84,  1.52,  8.  ]), array([-8.  , -1.44,  1.44,  8.  ]), array([-8.  , -1.36,  1.44,  8.  ]), array([-8.  , -1.36,  1.36,  8.  ])]","[array([0.3557183 , 0.27087914, 0.37340256]), array([0.37652056, 0.24695888, 0.37652056]), array([0.38038243, 0.24166669, 0.37795088]), array([0.38174668, 0.23650665, 0.38174667])]","[1.1056177906375857, 1.1316124535581944, 1.1317334795696499, 1.1318035933560924]",[ 34.6198  68.5827 102.6858 138.5636],1.1318035933560924
23,time1672258372,3,"[37.1326, 37.9944, 37.2554]","[array([-8.  , -1.12,  1.12,  8.  ]), array([-8.  , -1.36,  1.36,  8.  ]), array([-8.  , -1.36,  1.36,  8.  ])]","[array([0.39988324, 0.20023353, 0.39988323]), array([0.38174668, 0.23650665, 0.38174667]), array([0.38174668, 0.23650665, 0.38174667])]","[1.1149871312083595, 1.1318035933560924, 1.1318035933560924]",[ 37.1326  75.127  112.3824],1.1318035933560924
24,time1672262340,4,"[37.4067, 36.7939, 36.97, 36.7229]","[array([-8.  , -1.68,  1.52,  8.  ]), array([-8.  , -1.44,  1.44,  8.  ]), array([-8.  , -1.36,  1.44,  8.  ]), array([-8.  , -1.36,  1.36,  8.  ])]","[array([0.36364117, 0.26490456, 0.37145427]), array([0.37652056, 0.24695888, 0.37652056]), array([0.38038243, 0.24166669, 0.37795088]), array([0.38174668, 0.23650665, 0.38174667])]","[1.1199382061097514, 1.1316124535581944, 1.1317334795696499, 1.1318035933560924]",[ 37.4067  74.2006 111.1706 147.8935],1.1318035933560924
25,time1672264445,3,"[34.4008, 35.0865, 35.4491]","[array([-8.  , -1.2 ,  1.12,  8.  ]), array([-8.  , -1.36,  1.36,  8.  ]), array([-8.  , -1.36,  1.36,  8.  ])]","[array([0.39628115, 0.20670615, 0.3970127 ]), array([0.38174668, 0.23650665, 0.38174667]), array([0.38174668, 0.23650665, 0.38174667])]","[1.1190803297619314, 1.1318035933560924, 1.1318035933560924]",[ 34.4008  69.4873 104.9364],1.1318035933560924
26,time1672264871,4,"[36.1428, 37.7391, 38.0744, 39.3654]","[array([-8.  , -1.76,  1.44,  8.  ]), array([-8.  , -1.44,  1.44,  8.  ]), array([-8.  , -1.36,  1.44,  8.  ]), array([-8.  , -1.36,  1.36,  8.  ])]","[array([0.36092735, 0.26271353, 0.37635912]), array([0.37652056, 0.24695888, 0.37652056]), array([0.38038243, 0.24166669, 0.37795088]), array([0.38174668, 0.23650665, 0.38174667])]","[1.115624217817265, 1.1316124535581944, 1.1317334795696499, 1.1318035933560924]",[ 36.1428  73.8819 111.9563 151.3217],1.1318035933560924
27,time1672262223,3,"[38.8614, 38.9914, 38.4927]","[array([-8.  , -1.28,  1.2 ,  8.  ]), array([-8.  , -1.36,  1.36,  8.  ]), array([-8.  , -1.36,  1.36,  8.  ])]","[array([0.38976449, 0.21920208, 0.39103343]), array([0.38174668, 0.23650665, 0.38174667]), array([0.38174668, 0.23650665, 0.38174667])]","[1.126073052952437, 1.1318035933560924, 1.1318035933560924]",[ 38.8614  77.8528 116.3455],1.1318035933560924
28,time1672257845,3,"[37.5645, 37.5535, 37.3638]","[array([-8.  , -1.28,  1.84,  8.  ]), array([-8.  , -1.36,  1.44,  8.  ]), array([-8.  , -1.36,  1.36,  8.  ])]","[array([0.38590397, 0.25228024, 0.36181579]), array([0.38038243, 0.24166669, 0.37795088]), array([0.38174668, 0.23650665, 0.38174667])]","[1.1076890326840627, 1.1317334795696499, 1.1318035933560924]",[ 37.5645  75.118  112.4818],1.1318035933560924
29,time1672262740,4,"[36.8536, 37.1329, 35.7156, 37.4355]","[array([-8.  , -1.76,  1.92,  8.  ]), array([-8.  , -1.44,  1.44,  8.  ]), array([-8.  , -1.36,  1.44,  8.  ]), array([-8.  , -1.36,  1.36,  8.  ])]","[array([0.36171434, 0.28760772, 0.35067793]), array([0.37652056, 0.24695888, 0.37652056]), array([0.38038243, 0.24166669, 0.37795088]), array([0.38174668, 0.23650665, 0.38174667])]","[1.079220625449902, 1.1316124535581944, 1.1317334795696499, 1.1318035933560924]",[ 36.8536  73.9865 109.7021 147.1376],1.1318035933560924
30,time1672256633,3,"[38.3545, 37.2832, 37.6801]","[array([-8.  , -1.2 ,  1.76,  8.  ]), array([-8.  , -1.36,  1.44,  8.  ]), array([-8.  , -1.36,  1.36,  8.  ])]","[array([0.3883947 , 0.24331807, 0.36828723]), array([0.38038243, 0.24166669, 0.37795088]), array([0.38174668, 0.23650665, 0.38174667])]","[1.1126041218066796, 1.1317334795696499, 1.1318035933560924]",[ 38.3545  75.6377 113.3178],1.1318035933560924
31,time1672261185,4,"[37.3392, 38.0899, 39.1845, 38.2506]","[array([-8.  , -1.6 ,  1.52,  8.  ]), array([-8.  , -1.44,  1.44,  8.  ]), array([-8.  , -1.36,  1.44,  8.  ]), array([-8.  , -1.36,  1.36,  8.  ])]","[array([0.3676615 , 0.26105067, 0.37128783]), array([0.37652056, 0.24695888, 0.37652056]), array([0.38038243, 0.24166669, 0.37795088]), array([0.38174668, 0.23650665, 0.38174667])]","[1.1248436782435292, 1.1316124535581944, 1.1317334795696499, 1.1318035933560924]",[ 37.3392  75.4291 114.6136 152.8642],1.1318035933560924
32,time1672266044,4,"[37.7539, 37.9055, 38.3021, 37.6375]","[array([-8.  , -1.52,  1.52,  8.  ]), array([-8.  , -1.44,  1.44,  8.  ]), array([-8.  , -1.36,  1.44,  8.  ]), array([-8.  , -1.36,  1.36,  8.  ])]","[array([0.37166775, 0.2566645 , 0.37166775]), array([0.37652056, 0.24695888, 0.37652056]), array([0.38038243, 0.24166669, 0.37795088]), array([0.38174668, 0.23650665, 0.38174667])]","[1.1281820465971784, 1.1316124535581944, 1.1317334795696499, 1.1318035933560924]",[ 37.7539  75.6594 113.9615 151.599 ],1.1318035933560924
33,time1672263031,2,"[35.6902, 35.4043]","[array([-8.  , -1.44,  1.36,  8.  ]), array([-8.  , -1.36,  1.36,  8.  ])]","[array([0.37795094, 0.24166658, 0.38038248]), array([0.38174668, 0.23650665, 0.38174667])]","[1.131733479559982, 1.1318035933560924]",[35.6902 71.0945],1.1318035933560924
34,time1672261535,5,"[37.8896, 38.143, 38.3875, 38.9556, 38.4092]","[array([-8.  , -0.48,  0.32,  8.  ]), array([-8.  , -0.96,  0.96,  8.  ]), array([-8.  , -1.28,  1.28,  8.  ]), array([-8.  , -1.36,  1.36,  8.  ]), array([-8.  , -1.36,  1.36,  8.  ])]","[array([0.48273237, 0.03505569, 0.48221194]), array([0.41432008, 0.17135847, 0.41432145]), array([0.38736331, 0.22527341, 0.38736327]), array([0.38174668, 0.23650665, 0.38174667]), array([0.38174668, 0.23650665, 0.38174667])]","[0.9989302387845047, 1.0922550730817073, 1.1289331236181281, 1.1318035933560924, 1.1318035933560924]",[ 37.8896  76.0326 114.4201 153.3757 191.7849],1.1318035933560924
35,time1672263102,4,"[34.712, 34.9624, 34.6431, 34.9837]","[array([-8. , -1.6,  1.6,  8. ]), array([-8.  , -1.44,  1.44,  8.  ]), array([-8.  , -1.36,  1.44,  8.  ]), array([-8.  , -1.36,  1.36,  8.  ])]","[array([0.36718685, 0.26562629, 0.36718685]), array([0.37652056, 0.24695888, 0.37652056]), array([0.38038243, 0.24166669, 0.37795088]), array([0.38174668, 0.23650665, 0.38174667])]","[1.1213896770623524, 1.1316124535581944, 1.1317334795696499, 1.1318035933560924]",[ 34.712   69.6744 104.3175 139.3012],1.1318035933560924
36,time1672260956,4,"[37.9938, 37.5998, 37.672, 37.1716]","[array([-8.  , -1.84,  1.84,  8.  ]), array([-8.  , -1.44,  1.44,  8.  ]), array([-8.  , -1.36,  1.44,  8.  ]), array([-8.  , -1.36,  1.36,  8.  ])]","[array([0.35581447, 0.28837107, 0.35581446]), array([0.37652056, 0.24695888, 0.37652056]), array([0.38038243, 0.24166669, 0.37795088]), array([0.38174668, 0.23650665, 0.38174667])]","[1.0804367474732535, 1.1316124535581944, 1.1317334795696499, 1.1318035933560924]",[ 37.9938  75.5936 113.2656 150.4372],1.1318035933560924
37,time1672255782,4,"[38.3686, 36.9389, 38.2237, 37.6237]","[array([-8.  , -1.92,  1.52,  8.  ]), array([-8.  , -1.44,  1.44,  8.  ]), array([-8.  , -1.36,  1.44,  8.  ]), array([-8.  , -1.36,  1.36,  8.  ])]","[array([0.35188983, 0.27297312, 0.37513705]), array([0.37652056, 0.24695888, 0.37652056]), array([0.38038243, 0.24166669, 0.37795088]), array([0.38174668, 0.23650665, 0.38174667])]","[1.096361238504361, 1.1316124535581944, 1.1317334795696499, 1.1318035933560924]",[ 38.3686  75.3075 113.5312 151.1549],1.1318035933560924
38,time1672256196,4,"[39.7384, 41.5882, 39.1354, 39.6537]","[array([-8.  , -1.92,  1.44,  8.  ]), array([-8.  , -1.44,  1.44,  8.  ]), array([-8.  , -1.36,  1.44,  8.  ]), array([-8.  , -1.36,  1.36,  8.  ])]","[array([0.35349549, 0.26703302, 0.37947149]), array([0.37652056, 0.24695888, 0.37652056]), array([0.38038243, 0.24166669, 0.37795088]), array([0.38174668, 0.23650665, 0.38174667])]","[1.0988225056471874, 1.1316124535581944, 1.1317334795696499, 1.1318035933560924]",[ 39.7384  81.3266 120.462  160.1157],1.1318035933560924
39,time1672259503,4,"[38.6968, 37.1261, 37.1813, 37.3778]","[array([-8.  , -1.52,  1.76,  8.  ]), array([-8.  , -1.44,  1.44,  8.  ]), array([-8.  , -1.36,  1.44,  8.  ]), array([-8.  , -1.36,  1.36,  8.  ])]","[array([0.37216785, 0.26818179, 0.35965036]), array([0.37652056, 0.24695888, 0.37652056]), array([0.38038243, 0.24166669, 0.37795088]), array([0.38174668, 0.23650665, 0.38174667])]","[1.1135071229650926, 1.1316124535581944, 1.1317334795696499, 1.1318035933560924]",[ 38.6968  75.8229 113.0042 150.382 ],1.1318035933560924
40,time1672268909,3,"[38.514, 39.5563, 39.6329]","[array([-8.  , -1.52,  1.36,  8.  ]), array([-8.  , -1.44,  1.36,  8.  ]), array([-8.  , -1.36,  1.36,  8.  ])]","[array([0.37413079, 0.24629483, 0.37957438]), array([0.37795094, 0.24166658, 0.38038248]), array([0.38174668, 0.23650665, 0.38174667])]","[1.1301287670965963, 1.131733479559982, 1.1318035933560924]",[ 38.514   78.0703 117.7032],1.1318035933560924
41,time1672264238,4,"[34.035, 34.7121, 34.2491, 33.8295]","[array([-8.  , -1.76,  1.6 ,  8.  ]), array([-8.  , -1.44,  1.44,  8.  ]), array([-8.  , -1.36,  1.44,  8.  ]), array([-8.  , -1.36,  1.36,  8.  ])]","[array([0.35895703, 0.27313471, 0.36790826]), array([0.37652056, 0.24695888, 0.37652056]), array([0.38038243, 0.24166669, 0.37795088]), array([0.38174668, 0.23650665, 0.38174667])]","[1.1097708462959215, 1.1316124535581944, 1.1317334795696499, 1.1318035933560924]",[ 34.035   68.7471 102.9962 136.8257],1.1318035933560924
42,time1672260347,4,"[39.4622, 38.8619, 39.1722, 37.8013]","[array([-8.  , -1.68,  1.52,  8.  ]), array([-8.  , -1.44,  1.44,  8.  ]), array([-8.  , -1.36,  1.44,  8.  ]), array([-8.  , -1.36,  1.36,  8.  ])]","[array([0.36364117, 0.26490456, 0.37145427]), array([0.37652056, 0.24695888, 0.37652056]), array([0.38038243, 0.24166669, 0.37795088]), array([0.38174668, 0.23650665, 0.38174667])]","[1.1199382061097514, 1.1316124535581944, 1.1317334795696499, 1.1318035933560924]",[ 39.4622  78.3241 117.4963 155.2976],1.1318035933560924
43,time1672259654,4,"[38.2351, 38.7862, 39.0238, 38.7586]","[array([-8.  , -1.52,  1.52,  8.  ]), array([-8.  , -1.44,  1.44,  8.  ]), array([-8.  , -1.36,  1.44,  8.  ]), array([-8.  , -1.36,  1.36,  8.  ])]","[array([0.37166775, 0.2566645 , 0.37166775]), array([0.37652056, 0.24695888, 0.37652056]), array([0.38038243, 0.24166669, 0.37795088]), array([0.38174668, 0.23650665, 0.38174667])]","[1.1281820465971784, 1.1316124535581944, 1.1317334795696499, 1.1318035933560924]",[ 38.2351  77.0213 116.0451 154.8037],1.1318035933560924
44,time1672263388,4,"[35.5503, 34.4215, 35.1102, 36.1639]","[array([-8.  , -1.76,  1.52,  8.  ]), array([-8.  , -1.44,  1.44,  8.  ]), array([-8.  , -1.36,  1.44,  8.  ]), array([-8.  , -1.36,  1.36,  8.  ])]","[array([0.35965149, 0.26817995, 0.37216856]), array([0.37652056, 0.24695888, 0.37652056]), array([0.38038243, 0.24166669, 0.37795088]), array([0.38174668, 0.23650665, 0.38174667])]","[1.1135071229833504, 1.1316124535581944, 1.1317334795696499, 1.1318035933560924]",[ 35.5503  69.9718 105.082  141.2459],1.1318035933560924
45,time1672264657,6,"[36.1936, 34.8098, 35.0206, 36.741, 36.4024, 34.9735]","[array([-8.  , -1.92, -0.88,  8.  ]), array([-8. , -0.4,  0.4,  8. ]), array([-8.  , -0.96,  0.96,  8.  ]), array([-8.  , -1.28,  1.28,  8.  ]), array([-8.  , -1.36,  1.36,  8.  ]), array([-8.  , -1.36,  1.36,  8.  ])]","[array([4.86457144e-01, 5.53531662e-09, 5.13542850e-01]), array([0.48230961, 0.03537885, 0.48231154]), array([0.41432008, 0.17135847, 0.41432145]), array([0.38736331, 0.22527341, 0.38736327]), array([0.38174668, 0.23650665, 0.38174667]), array([0.38174668, 0.23650665, 0.38174667])]","[0.9378375727573439, 0.9992136403440488, 1.0922550730817073, 1.1289331236181281, 1.1318035933560924, 1.1318035933560924]",[ 36.1936  71.0034 106.024  142.765  179.1674 214.1409],1.1318035933560924
46,time1672257544,4,"[38.1365, 37.7451, 37.7136, 36.6698]","[array([-8.  , -1.92,  1.6 ,  8.  ]), array([-8.  , -1.44,  1.44,  8.  ]), array([-8.  , -1.36,  1.44,  8.  ]), array([-8.  , -1.36,  1.36,  8.  ])]","[array([0.3508969 , 0.27838141, 0.37072169]), array([0.37652056, 0.24695888, 0.37652056]), array([0.38038243, 0.24166669, 0.37795088]), array([0.38174668, 0.23650665, 0.38174667])]","[1.0922662269567138, 1.1316124535581944, 1.1317334795696499, 1.1318035933560924]",[ 38.1365  75.8816 113.5952 150.265 ],1.1318035933560924
47,time1672267038,3,"[39.1269, 39.3703, 38.3311]","[array([-8.  , -1.6 ,  1.28,  8.  ]), array([-8.  , -1.44,  1.36,  8.  ]), array([-8.  , -1.36,  1.36,  8.  ])]","[array([0.37248814, 0.24428086, 0.38323101]), array([0.37795094, 0.24166658, 0.38038248]), array([0.38174668, 0.23650665, 0.38174667])]","[1.125720355556012, 1.131733479559982, 1.1318035933560924]",[ 39.1269  78.4972 116.8283],1.1318035933560924
48,time1672257058,3,"[37.2593, 36.5612, 37.3476]","[array([-8.  , -1.28,  1.44,  8.  ]), array([-8.  , -1.36,  1.36,  8.  ]), array([-8.  , -1.36,  1.36,  8.  ])]","[array([0.38418733, 0.23587894, 0.37993374]), array([0.38174668, 0.23650665, 0.38174667]), array([0.38174668, 0.23650665, 0.38174667])]","[1.1303416835128592, 1.1318035933560924, 1.1318035933560924]",[ 37.2593  73.8205 111.1681],1.1318035933560924
49,time1672269027,3,"[38.5035, 39.2706, 38.4694]","[array([-8.  , -1.04,  1.28,  8.  ]), array([-8.  , -1.36,  1.36,  8.  ]), array([-8.  , -1.36,  1.36,  8.  ])]","[array([0.3982596 , 0.20564727, 0.39609313]), array([0.38174668, 0.23650665, 0.38174667]), array([0.38174668, 0.23650665, 0.38174667])]","[1.1164706624431802, 1.1318035933560924, 1.1318035933560924]",[ 38.5035  77.7741 116.2435],1.1318035933560924
50,time1672265665,3,"[36.7162, 37.086, 38.1859]","[array([-8.  , -1.44,  1.44,  8.  ]), array([-8.  , -1.36,  1.44,  8.  ]), array([-8.  , -1.36,  1.36,  8.  ])]","[array([0.37652056, 0.24695888, 0.37652056]), array([0.38038243, 0.24166669, 0.37795088]), array([0.38174668, 0.23650665, 0.38174667])]","[1.1316124535581944, 1.1317334795696499, 1.1318035933560924]",[ 36.7162  73.8022 111.9881],1.1318035933560924
51,time1672258223,4,"[37.2486, 36.7554, 37.314, 37.2325]","[array([-8.  , -1.44,  1.68,  8.  ]), array([-8.  , -1.44,  1.44,  8.  ]), array([-8.  , -1.36,  1.44,  8.  ]), array([-8.  , -1.36,  1.36,  8.  ])]","[array([0.37557652, 0.25963404, 0.36478944]), array([0.37652056, 0.24695888, 0.37652056]), array([0.38038243, 0.24166669, 0.37795088]), array([0.38174668, 0.23650665, 0.38174667])]","[1.1219156709441613, 1.1316124535581944, 1.1317334795696499, 1.1318035933560924]",[ 37.2486  74.004  111.318  148.5505],1.1318035933560924
52,time1672260727,3,"[37.7073, 38.1983, 38.6867]","[array([-8.  , -1.44,  1.44,  8.  ]), array([-8.  , -1.36,  1.44,  8.  ]), array([-8.  , -1.36,  1.36,  8.  ])]","[array([0.37652056, 0.24695888, 0.37652056]), array([0.38038243, 0.24166669, 0.37795088]), array([0.38174668, 0.23650665, 0.38174667])]","[1.1316124535581944, 1.1317334795696499, 1.1318035933560924]",[ 37.7073  75.9056 114.5923],1.1318035933560924
53,time1672266960,2,"[38.3895, 39.2317]","[array([-8.  , -1.36,  1.36,  8.  ]), array([-8.  , -1.36,  1.36,  8.  ])]","[array([0.38174668, 0.23650665, 0.38174667]), array([0.38174668, 0.23650665, 0.38174667])]","[1.1318035933560924, 1.1318035933560924]",[38.3895 77.6212],1.1318035933560924
54,time1672268265,4,"[41.3772, 40.0871, 40.0249, 40.1832]","[array([-8.  , -1.92,  1.6 ,  8.  ]), array([-8.  , -1.44,  1.44,  8.  ]), array([-8.  , -1.36,  1.44,  8.  ]), array([-8.  , -1.36,  1.36,  8.  ])]","[array([0.3508969 , 0.27838141, 0.37072169]), array([0.37652056, 0.24695888, 0.37652056]), array([0.38038243, 0.24166669, 0.37795088]), array([0.38174668, 0.23650665, 0.38174667])]","[1.0922662269567138, 1.1316124535581944, 1.1317334795696499, 1.1318035933560924]",[ 41.3772  81.4643 121.4892 161.6724],1.1318035933560924
55,time1672264550,3,"[35.8636, 34.542, 35.661]","[array([-8.  , -1.28,  1.28,  8.  ]), array([-8.  , -1.36,  1.36,  8.  ]), array([-8.  , -1.36,  1.36,  8.  ])]","[array([0.38736331, 0.22527341, 0.38736327]), array([0.38174668, 0.23650665, 0.38174667]), array([0.38174668, 0.23650665, 0.38174667])]","[1.1289331236181281, 1.1318035933560924, 1.1318035933560924]",[ 35.8636  70.4056 106.0666],1.1318035933560924
56,time1672261107,2,"[38.5775, 38.2851]","[array([-8.  , -1.36,  1.44,  8.  ]), array([-8.  , -1.36,  1.36,  8.  ])]","[array([0.38038243, 0.24166669, 0.37795088]), array([0.38174668, 0.23650665, 0.38174667])]","[1.1317334795696499, 1.1318035933560924]",[38.5775 76.8626],1.1318035933560924
57,time1672260842,3,"[37.26, 38.903, 38.0407]","[array([-8.  , -1.76,  1.28,  8.  ]), array([-8.  , -1.44,  1.36,  8.  ]), array([-8.  , -1.36,  1.36,  8.  ])]","[array([0.36525497, 0.25026325, 0.38448178]), array([0.37795094, 0.24166658, 0.38038248]), array([0.38174668, 0.23650665, 0.38174667])]","[1.1151102521310154, 1.131733479559982, 1.1318035933560924]",[ 37.26    76.163  114.2037],1.1318035933560924
58,time1672262108,3,"[38.9581, 37.9746, 37.6541]","[array([-8.  , -1.2 ,  1.44,  8.  ]), array([-8.  , -1.36,  1.36,  8.  ]), array([-8.  , -1.36,  1.36,  8.  ])]","[array([0.38792371, 0.22962078, 0.38245551]), array([0.38174668, 0.23650665, 0.38174667]), array([0.38174668, 0.23650665, 0.38174667])]","[1.1275029751163432, 1.1318035933560924, 1.1318035933560924]",[ 38.9581  76.9327 114.5868],1.1318035933560924
59,time1672267980,3,"[41.4738, 39.7101, 40.3967]","[array([-8.  , -1.2 ,  1.84,  8.  ]), array([-8.  , -1.36,  1.44,  8.  ]), array([-8.  , -1.36,  1.36,  8.  ])]","[array([0.38987176, 0.24508659, 0.36504165]), array([0.38038243, 0.24166669, 0.37795088]), array([0.38174668, 0.23650665, 0.38174667])]","[1.1053352180727471, 1.1317334795696499, 1.1318035933560924]",[ 41.4738  81.1839 121.5806],1.1318035933560924
60,time1672265322,5,"[37.5944, 38.1451, 38.7182, 38.2043, 37.9271]","[array([-8.  , -0.24,  0.56,  8.  ]), array([-8.  , -0.96,  0.96,  8.  ]), array([-8.  , -1.28,  1.28,  8.  ]), array([-8.  , -1.36,  1.36,  8.  ]), array([-8.  , -1.36,  1.36,  8.  ])]","[array([0.48245844, 0.03413299, 0.48340857]), array([0.41432008, 0.17135847, 0.41432145]), array([0.38736331, 0.22527341, 0.38736327]), array([0.38174668, 0.23650665, 0.38174667]), array([0.38174668, 0.23650665, 0.38174667])]","[0.9980876824779001, 1.0922550730817073, 1.1289331236181281, 1.1318035933560924, 1.1318035933560924]",[ 37.5944  75.7395 114.4577 152.662  190.5891],1.1318035933560924
61,time1672259160,3,"[37.0979, 38.9037, 38.6053]","[array([-8.  , -1.2 ,  1.04,  8.  ]), array([-8.  , -1.36,  1.36,  8.  ]), array([-8.  , -1.36,  1.36,  8.  ])]","[array([0.39965838, 0.19972881, 0.40061281]), array([0.38174668, 0.23650665, 0.38174667]), array([0.38174668, 0.23650665, 0.38174667])]","[1.113722180641831, 1.1318035933560924, 1.1318035933560924]",[ 37.0979  76.0016 114.6069],1.1318035933560924
62,time1672262888,4,"[35.3439, 36.3914, 35.3537, 35.2937]","[array([-8.  , -1.68,  1.52,  8.  ]), array([-8.  , -1.44,  1.44,  8.  ]), array([-8.  , -1.36,  1.44,  8.  ]), array([-8.  , -1.36,  1.36,  8.  ])]","[array([0.36364117, 0.26490456, 0.37145427]), array([0.37652056, 0.24695888, 0.37652056]), array([0.38038243, 0.24166669, 0.37795088]), array([0.38174668, 0.23650665, 0.38174667])]","[1.1199382061097514, 1.1316124535581944, 1.1317334795696499, 1.1318035933560924]",[ 35.3439  71.7353 107.089  142.3827],1.1318035933560924
63,time1672257431,3,"[37.9173, 37.5577, 37.6088]","[array([-8.  , -1.36,  1.52,  8.  ]), array([-8.  , -1.36,  1.44,  8.  ]), array([-8.  , -1.36,  1.36,  8.  ])]","[array([0.3795744 , 0.24629481, 0.3741308 ]), array([0.38038243, 0.24166669, 0.37795088]), array([0.38174668, 0.23650665, 0.38174667])]","[1.1301287670954323, 1.1317334795696499, 1.1318035933560924]",[ 37.9173  75.475  113.0838],1.1318035933560924
64,time1672258485,4,"[37.4031, 36.3915, 37.3784, 37.8205]","[array([-8.  , -1.6 ,  1.44,  8.  ]), array([-8.  , -1.44,  1.44,  8.  ]), array([-8.  , -1.36,  1.44,  8.  ]), array([-8.  , -1.36,  1.36,  8.  ])]","[array([0.36869867, 0.25596611, 0.37533523]), array([0.37652056, 0.24695888, 0.37652056]), array([0.38038243, 0.24166669, 0.37795088]), array([0.38174668, 0.23650665, 0.38174667])]","[1.1267016170366508, 1.1316124535581944, 1.1317334795696499, 1.1318035933560924]",[ 37.4031  73.7946 111.173  148.9935],1.1318035933560924
65,time1672265777,3,"[36.3336, 37.8912, 36.2368]","[array([-8.  , -1.44,  1.44,  8.  ]), array([-8.  , -1.36,  1.44,  8.  ]), array([-8.  , -1.36,  1.36,  8.  ])]","[array([0.37652056, 0.24695888, 0.37652056]), array([0.38038243, 0.24166669, 0.37795088]), array([0.38174668, 0.23650665, 0.38174667])]","[1.1316124535581944, 1.1317334795696499, 1.1318035933560924]",[ 36.3336  74.2248 110.4616],1.1318035933560924
66,time1672256044,4,"[37.2746, 38.7547, 36.5572, 38.8212]","[array([-8.  , -1.44,  1.92,  8.  ]), array([-8.  , -1.44,  1.44,  8.  ]), array([-8.  , -1.36,  1.44,  8.  ]), array([-8.  , -1.36,  1.36,  8.  ])]","[array([0.37947178, 0.26703244, 0.35349578]), array([0.37652056, 0.24695888, 0.37652056]), array([0.38038243, 0.24166669, 0.37795088]), array([0.38174668, 0.23650665, 0.38174667])]","[1.0988225056537266, 1.1316124535581944, 1.1317334795696499, 1.1318035933560924]",[ 37.2746  76.0293 112.5865 151.4077],1.1318035933560924
67,time1672266647,4,"[37.2786, 38.0942, 37.6688, 38.6068]","[array([-8.  , -1.52,  1.52,  8.  ]), array([-8.  , -1.44,  1.44,  8.  ]), array([-8.  , -1.36,  1.44,  8.  ]), array([-8.  , -1.36,  1.36,  8.  ])]","[array([0.37166775, 0.2566645 , 0.37166775]), array([0.37652056, 0.24695888, 0.37652056]), array([0.38038243, 0.24166669, 0.37795088]), array([0.38174668, 0.23650665, 0.38174667])]","[1.1281820465971784, 1.1316124535581944, 1.1317334795696499, 1.1318035933560924]",[ 37.2786  75.3728 113.0416 151.6484],1.1318035933560924
68,time1672268753,4,"[38.8578, 39.9955, 38.6926, 37.7572]","[array([-8.  , -1.76,  1.68,  8.  ]), array([-8.  , -1.44,  1.44,  8.  ]), array([-8.  , -1.36,  1.44,  8.  ]), array([-8.  , -1.36,  1.36,  8.  ])]","[array([0.35883569, 0.27756488, 0.36359944]), array([0.37652056, 0.24695888, 0.37652056]), array([0.38038243, 0.24166669, 0.37795088]), array([0.38174668, 0.23650665, 0.38174667])]","[1.1044240239831062, 1.1316124535581944, 1.1317334795696499, 1.1318035933560924]",[ 38.8578  78.8533 117.5459 155.3031],1.1318035933560924
69,time1672269144,3,"[38.9496, 38.5262, 38.3539]","[array([-8.  , -1.12,  1.12,  8.  ]), array([-8.  , -1.36,  1.36,  8.  ]), array([-8.  , -1.36,  1.36,  8.  ])]","[array([0.39988324, 0.20023353, 0.39988323]), array([0.38174668, 0.23650665, 0.38174667]), array([0.38174668, 0.23650665, 0.38174667])]","[1.1149871312083595, 1.1318035933560924, 1.1318035933560924]",[ 38.9496  77.4758 115.8297],1.1318035933560924
70,time1672256912,4,"[37.1787, 35.7241, 36.2005, 37.0447]","[array([-8.  , -1.52,  1.68,  8.  ]), array([-8.  , -1.44,  1.44,  8.  ]), array([-8.  , -1.36,  1.44,  8.  ]), array([-8.  , -1.36,  1.36,  8.  ])]","[array([0.37145229, 0.26490804, 0.36363967]), array([0.37652056, 0.24695888, 0.37652056]), array([0.38038243, 0.24166669, 0.37795088]), array([0.38174668, 0.23650665, 0.38174667])]","[1.1199382059903193, 1.1316124535581944, 1.1317334795696499, 1.1318035933560924]",[ 37.1787  72.9028 109.1033 146.148 ],1.1318035933560924
71,time1672261728,6,"[38.1469, 36.9713, 37.134, 39.6363, 37.0469, 36.5955]","[array([-8.  , -1.68, -0.64,  8.  ]), array([-8. , -0.4,  0.4,  8. ]), array([-8.  , -0.96,  0.96,  8.  ]), array([-8.  , -1.28,  1.28,  8.  ]), array([-8.  , -1.36,  1.36,  8.  ]), array([-8.  , -1.36,  1.36,  8.  ])]","[array([4.91575076e-01, 1.02670289e-08, 5.08424914e-01]), array([0.48230961, 0.03537885, 0.48231154]), array([0.41432008, 0.17135847, 0.41432145]), array([0.38736331, 0.22527341, 0.38736327]), array([0.38174668, 0.23650665, 0.38174667]), array([0.38174668, 0.23650665, 0.38174667])]","[0.9618938633260776, 0.9992136403440488, 1.0922550730817073, 1.1289331236181281, 1.1318035933560924, 1.1318035933560924]",[ 38.1469  75.1182 112.2522 151.8885 188.9354 225.5309],1.1318035933560924
72,time1672262598,4,"[35.8118, 35.2865, 35.6822, 35.3414]","[array([-8.  , -1.76,  1.84,  8.  ]), array([-8.  , -1.44,  1.44,  8.  ]), array([-8.  , -1.36,  1.44,  8.  ]), array([-8.  , -1.36,  1.36,  8.  ])]","[array([0.36024393, 0.28480196, 0.35495411]), array([0.37652056, 0.24695888, 0.37652056]), array([0.38038243, 0.24166669, 0.37795088]), array([0.38174668, 0.23650665, 0.38174667])]","[1.0890729994448887, 1.1316124535581944, 1.1317334795696499, 1.1318035933560924]",[ 35.8118  71.0983 106.7805 142.1219],1.1318035933560924
73,time1672264168,2,"[33.8488, 35.5769]","[array([-8.  , -1.36,  1.44,  8.  ]), array([-8.  , -1.36,  1.36,  8.  ])]","[array([0.38038243, 0.24166669, 0.37795088]), array([0.38174668, 0.23650665, 0.38174667])]","[1.1317334795696499, 1.1318035933560924]",[33.8488 69.4257],1.1318035933560924
74,time1672267432,4,"[38.5753, 38.9266, 39.2236, 39.3441]","[array([-8.  , -1.68,  1.44,  8.  ]), array([-8.  , -1.44,  1.44,  8.  ]), array([-8.  , -1.36,  1.44,  8.  ]), array([-8.  , -1.36,  1.36,  8.  ])]","[array([0.3647917 , 0.25962871, 0.37557959]), array([0.37652056, 0.24695888, 0.37652056]), array([0.38038243, 0.24166669, 0.37795088]), array([0.38174668, 0.23650665, 0.38174667])]","[1.121915671079974, 1.1316124535581944, 1.1317334795696499, 1.1318035933560924]",[ 38.5753  77.5019 116.7255 156.0696],1.1318035933560924
75,time1672264375,2,"[34.3706, 34.5945]","[array([-8.  , -1.36,  1.36,  8.  ]), array([-8.  , -1.36,  1.36,  8.  ])]","[array([0.38174668, 0.23650665, 0.38174667]), array([0.38174668, 0.23650665, 0.38174667])]","[1.1318035933560924, 1.1318035933560924]",[34.3706 68.9651],1.1318035933560924
76,time1672257281,4,"[37.0408, 37.1875, 36.5649, 38.0123]","[array([-8.  , -1.52,  1.44,  8.  ]), array([-8.  , -1.44,  1.44,  8.  ]), array([-8.  , -1.36,  1.44,  8.  ]), array([-8.  , -1.36,  1.36,  8.  ])]","[array([0.37261817, 0.25173333, 0.3756485 ]), array([0.37652056, 0.24695888, 0.37652056]), array([0.38038243, 0.24166669, 0.37795088]), array([0.38174668, 0.23650665, 0.38174667])]","[1.1299391457346455, 1.1316124535581944, 1.1317334795696499, 1.1318035933560924]",[ 37.0408  74.2283 110.7932 148.8055],1.1318035933560924
77,time1672266196,4,"[36.0368, 36.026, 37.2684, 37.1152]","[array([-8.  , -1.68,  1.76,  8.  ]), array([-8.  , -1.44,  1.44,  8.  ]), array([-8.  , -1.36,  1.44,  8.  ]), array([-8.  , -1.36,  1.36,  8.  ])]","[array([0.36359522, 0.27757249, 0.35883229]), array([0.37652056, 0.24695888, 0.37652056]), array([0.38038243, 0.24166669, 0.37795088]), array([0.38174668, 0.23650665, 0.38174667])]","[1.1044240239751524, 1.1316124535581944, 1.1317334795696499, 1.1318035933560924]",[ 36.0368  72.0628 109.3312 146.4464],1.1318035933560924
78,time1672266800,4,"[40.0534, 40.3803, 39.581, 40.1335]","[array([-8.  , -1.6 ,  1.52,  8.  ]), array([-8.  , -1.44,  1.44,  8.  ]), array([-8.  , -1.36,  1.44,  8.  ]), array([-8.  , -1.36,  1.36,  8.  ])]","[array([0.3676615 , 0.26105067, 0.37128783]), array([0.37652056, 0.24695888, 0.37652056]), array([0.38038243, 0.24166669, 0.37795088]), array([0.38174668, 0.23650665, 0.38174667])]","[1.1248436782435292, 1.1316124535581944, 1.1317334795696499, 1.1318035933560924]",[ 40.0534  80.4337 120.0147 160.1482],1.1318035933560924
79,time1672260118,3,"[38.165, 39.2381, 39.3419]","[array([-8.  , -1.44,  1.44,  8.  ]), array([-8.  , -1.36,  1.44,  8.  ]), array([-8.  , -1.36,  1.36,  8.  ])]","[array([0.37652056, 0.24695888, 0.37652056]), array([0.38038243, 0.24166669, 0.37795088]), array([0.38174668, 0.23650665, 0.38174667])]","[1.1316124535581944, 1.1317334795696499, 1.1318035933560924]",[ 38.165   77.4031 116.745 ],1.1318035933560924
80,time1672263529,4,"[36.5529, 35.6896, 36.2791, 35.7571]","[array([-8.  , -1.76,  1.6 ,  8.  ]), array([-8.  , -1.44,  1.44,  8.  ]), array([-8.  , -1.36,  1.44,  8.  ]), array([-8.  , -1.36,  1.36,  8.  ])]","[array([0.35895703, 0.27313471, 0.36790826]), array([0.37652056, 0.24695888, 0.37652056]), array([0.38038243, 0.24166669, 0.37795088]), array([0.38174668, 0.23650665, 0.38174667])]","[1.1097708462959215, 1.1316124535581944, 1.1317334795696499, 1.1318035933560924]",[ 36.5529  72.2425 108.5216 144.2787],1.1318035933560924
81,time1672268590,4,"[42.2563, 39.7125, 40.3654, 39.7438]","[array([-8. , -1.6,  1.6,  8. ]), array([-8.  , -1.44,  1.44,  8.  ]), array([-8.  , -1.36,  1.44,  8.  ]), array([-8.  , -1.36,  1.36,  8.  ])]","[array([0.36718685, 0.26562629, 0.36718685]), array([0.37652056, 0.24695888, 0.37652056]), array([0.38038243, 0.24166669, 0.37795088]), array([0.38174668, 0.23650665, 0.38174667])]","[1.1213896770623524, 1.1316124535581944, 1.1317334795696499, 1.1318035933560924]",[ 42.2563  81.9688 122.3342 162.078 ],1.1318035933560924
82,time1672259809,4,"[39.2719, 37.9169, 39.3671, 39.7842]","[array([-8. , -2. ,  1.6,  8. ]), array([-8.  , -1.44,  1.44,  8.  ]), array([-8.  , -1.36,  1.44,  8.  ]), array([-8.  , -1.36,  1.36,  8.  ])]","[array([0.3470314 , 0.28011307, 0.37285554]), array([0.37652056, 0.24695888, 0.37652056]), array([0.38038243, 0.24166669, 0.37795088]), array([0.38174668, 0.23650665, 0.38174667])]","[1.0815440450898324, 1.1316124535581944, 1.1317334795696499, 1.1318035933560924]",[ 39.2719  77.1888 116.5559 156.3401],1.1318035933560924
83,time1672265888,4,"[38.4662, 38.4547, 38.7112, 39.8784]","[array([-8.  , -1.84,  1.76,  8.  ]), array([-8.  , -1.44,  1.44,  8.  ]), array([-8.  , -1.36,  1.44,  8.  ]), array([-8.  , -1.36,  1.36,  8.  ])]","[array([0.35495037, 0.28480969, 0.36023993]), array([0.37652056, 0.24695888, 0.37652056]), array([0.38038243, 0.24166669, 0.37795088]), array([0.38174668, 0.23650665, 0.38174667])]","[1.0890729993509543, 1.1316124535581944, 1.1317334795696499, 1.1318035933560924]",[ 38.4662  76.9209 115.6321 155.5105],1.1318035933560924
84,time1672263242,4,"[36.6785, 36.2073, 36.1492, 36.022]","[array([-8.  , -1.44,  1.68,  8.  ]), array([-8.  , -1.44,  1.44,  8.  ]), array([-8.  , -1.36,  1.44,  8.  ]), array([-8.  , -1.36,  1.36,  8.  ])]","[array([0.37557652, 0.25963404, 0.36478944]), array([0.37652056, 0.24695888, 0.37652056]), array([0.38038243, 0.24166669, 0.37795088]), array([0.38174668, 0.23650665, 0.38174667])]","[1.1219156709441613, 1.1316124535581944, 1.1317334795696499, 1.1318035933560924]",[ 36.6785  72.8858 109.035  145.057 ],1.1318035933560924
85,time1672265173,4,"[36.978, 37.3142, 37.3924, 36.5504]","[array([-8.  , -1.52,  1.84,  8.  ]), array([-8.  , -1.44,  1.44,  8.  ]), array([-8.  , -1.36,  1.44,  8.  ]), array([-8.  , -1.36,  1.36,  8.  ])]","[array([0.37339969, 0.2708831 , 0.3557172 ]), array([0.37652056, 0.24695888, 0.37652056]), array([0.38038243, 0.24166669, 0.37795088]), array([0.38174668, 0.23650665, 0.38174667])]","[1.1056177904831772, 1.1316124535581944, 1.1317334795696499, 1.1318035933560924]",[ 36.978   74.2922 111.6846 148.235 ],1.1318035933560924
86,time1672260503,3,"[36.6143, 36.6141, 38.4384]","[array([-8. , -1.2,  1.2,  8. ]), array([-8.  , -1.36,  1.36,  8.  ]), array([-8.  , -1.36,  1.36,  8.  ])]","[array([0.39339776, 0.21321149, 0.39339075]), array([0.38174668, 0.23650665, 0.38174667]), array([0.38174668, 0.23650665, 0.38174667])]","[1.1232327828712674, 1.1318035933560924, 1.1318035933560924]",[ 36.6143  73.2284 111.6668],1.1318035933560924
87,time1672259966,4,"[37.7807, 38.4352, 37.5326, 37.8257]","[array([-8.  , -1.6 ,  1.52,  8.  ]), array([-8.  , -1.44,  1.44,  8.  ]), array([-8.  , -1.36,  1.44,  8.  ]), array([-8.  , -1.36,  1.36,  8.  ])]","[array([0.3676615 , 0.26105067, 0.37128783]), array([0.37652056, 0.24695888, 0.37652056]), array([0.38038243, 0.24166669, 0.37795088]), array([0.38174668, 0.23650665, 0.38174667])]","[1.1248436782435292, 1.1316124535581944, 1.1317334795696499, 1.1318035933560924]",[ 37.7807  76.2159 113.7485 151.5742],1.1318035933560924
88,time1672262488,3,"[35.8391, 36.6123, 36.5253]","[array([-8.  , -1.28,  1.6 ,  8.  ]), array([-8.  , -1.36,  1.44,  8.  ]), array([-8.  , -1.36,  1.36,  8.  ])]","[array([0.38323101, 0.24428087, 0.37248813]), array([0.38038243, 0.24166669, 0.37795088]), array([0.38174668, 0.23650665, 0.38174667])]","[1.1257203555567075, 1.1317334795696499, 1.1318035933560924]",[ 35.8391  72.4514 108.9767],1.1318035933560924
89,time1672255934,3,"[38.1737, 36.625, 34.931]","[array([-8.  , -1.28,  1.36,  8.  ]), array([-8.  , -1.36,  1.36,  8.  ]), array([-8.  , -1.36,  1.36,  8.  ])]","[array([0.38550101, 0.23083812, 0.38366087]), array([0.38174668, 0.23650665, 0.38174667]), array([0.38174668, 0.23650665, 0.38174667])]","[1.130376659229207, 1.1318035933560924, 1.1318035933560924]",[ 38.1737  74.7987 109.7297],1.1318035933560924
90,time1672263917,4,"[35.8413, 35.5347, 35.0241, 35.8669]","[array([-8.  , -1.52,  1.52,  8.  ]), array([-8.  , -1.44,  1.44,  8.  ]), array([-8.  , -1.36,  1.44,  8.  ]), array([-8.  , -1.36,  1.36,  8.  ])]","[array([0.37166775, 0.2566645 , 0.37166775]), array([0.37652056, 0.24695888, 0.37652056]), array([0.38038243, 0.24166669, 0.37795088]), array([0.38174668, 0.23650665, 0.38174667])]","[1.1281820465971784, 1.1316124535581944, 1.1317334795696499, 1.1318035933560924]",[ 35.8413  71.376  106.4001 142.267 ],1.1318035933560924
91,time1672257170,3,"[35.9256, 36.6373, 38.263]","[array([-8.  , -1.28,  1.36,  8.  ]), array([-8.  , -1.36,  1.36,  8.  ]), array([-8.  , -1.36,  1.36,  8.  ])]","[array([0.38550101, 0.23083812, 0.38366087]), array([0.38174668, 0.23650665, 0.38174667]), array([0.38174668, 0.23650665, 0.38174667])]","[1.130376659229207, 1.1318035933560924, 1.1318035933560924]",[ 35.9256  72.5629 110.8259],1.1318035933560924
92,time1672266572,2,"[37.3606, 37.5127]","[array([-8.  , -1.44,  1.36,  8.  ]), array([-8.  , -1.36,  1.36,  8.  ])]","[array([0.37795094, 0.24166658, 0.38038248]), array([0.38174668, 0.23650665, 0.38174667])]","[1.131733479559982, 1.1318035933560924]",[37.3606 74.8733],1.1318035933560924
93,time1672265513,4,"[37.6521, 37.9899, 37.9424, 37.5993]","[array([-8.  , -1.52,  1.52,  8.  ]), array([-8.  , -1.44,  1.44,  8.  ]), array([-8.  , -1.36,  1.44,  8.  ]), array([-8.  , -1.36,  1.36,  8.  ])]","[array([0.37166775, 0.2566645 , 0.37166775]), array([0.37652056, 0.24695888, 0.37652056]), array([0.38038243, 0.24166669, 0.37795088]), array([0.38174668, 0.23650665, 0.38174667])]","[1.1281820465971784, 1.1316124535581944, 1.1317334795696499, 1.1318035933560924]",[ 37.6521  75.642  113.5844 151.1837],1.1318035933560924
94,time1672263813,3,"[34.7755, 34.659, 34.3672]","[array([-8.  , -1.12,  1.28,  8.  ]), array([-8.  , -1.36,  1.36,  8.  ]), array([-8.  , -1.36,  1.36,  8.  ])]","[array([0.39466274, 0.21265657, 0.39268069]), array([0.38174668, 0.23650665, 0.38174667]), array([0.38174668, 0.23650665, 0.38174667])]","[1.1218828148686624, 1.1318035933560924, 1.1318035933560924]",[ 34.7755  69.4345 103.8017],1.1318035933560924
95,time1672258861,4,"[37.5703, 38.6479, 36.9824, 37.2765]","[array([-8.  , -1.68,  1.76,  8.  ]), array([-8.  , -1.44,  1.44,  8.  ]), array([-8.  , -1.36,  1.44,  8.  ]), array([-8.  , -1.36,  1.36,  8.  ])]","[array([0.36359522, 0.27757249, 0.35883229]), array([0.37652056, 0.24695888, 0.37652056]), array([0.38038243, 0.24166669, 0.37795088]), array([0.38174668, 0.23650665, 0.38174667])]","[1.1044240239751524, 1.1316124535581944, 1.1317334795696499, 1.1318035933560924]",[ 37.5703  76.2182 113.2006 150.4771],1.1318035933560924
96,time1672267667,4,"[39.5048, 38.7073, 38.0346, 38.6525]","[array([-8.  , -1.68,  1.52,  8.  ]), array([-8.  , -1.44,  1.44,  8.  ]), array([-8.  , -1.36,  1.44,  8.  ]), array([-8.  , -1.36,  1.36,  8.  ])]","[array([0.36364117, 0.26490456, 0.37145427]), array([0.37652056, 0.24695888, 0.37652056]), array([0.38038243, 0.24166669, 0.37795088]), array([0.38174668, 0.23650665, 0.38174667])]","[1.1199382061097514, 1.1316124535581944, 1.1317334795696499, 1.1318035933560924]",[ 39.5048  78.2121 116.2467 154.8992],1.1318035933560924
97,time1672256357,3,"[39.103, 40.0324, 39.4779]","[array([-8.  , -1.28,  1.36,  8.  ]), array([-8.  , -1.36,  1.36,  8.  ]), array([-8.  , -1.36,  1.36,  8.  ])]","[array([0.38550101, 0.23083812, 0.38366087]), array([0.38174668, 0.23650665, 0.38174667]), array([0.38174668, 0.23650665, 0.38174667])]","[1.130376659229207, 1.1318035933560924, 1.1318035933560924]",[ 39.103   79.1354 118.6133],1.1318035933560924
98,time1672266493,2,"[38.8497, 39.5859]","[array([-8.  , -1.44,  1.36,  8.  ]), array([-8.  , -1.36,  1.36,  8.  ])]","[array([0.37795094, 0.24166658, 0.38038248]), array([0.38174668, 0.23650665, 0.38174667])]","[1.131733479559982, 1.1318035933560924]",[38.8497 78.4356],1.1318035933560924
99,time1672259428,2,"[37.0786, 37.7508]","[array([-8.  , -1.36,  1.36,  8.  ]), array([-8.  , -1.36,  1.36,  8.  ])]","[array([0.38174668, 0.23650665, 0.38174667]), array([0.38174668, 0.23650665, 0.38174667])]","[1.1318035933560924, 1.1318035933560924]",[37.0786 74.8294],1.1318035933560924
